day_of_week,year,month,day,n1,n2,n3,n4,n5,s1,s2tue,2022,mar,1,8,24,26,39,42,3,5
fri,2022,feb,25,10,13,24,30,42,1,5
tue,2022,feb,22,5,9,14,26,32,3,7
fri,2022,feb,18,25,38,41,43,50,6,10
tue,2022,feb,15,9,20,31,33,44,2,12
fri,2022,feb,11,13,18,38,42,45,7,11
tue,2022,feb,8,6,20,34,37,43,7,10
fri,2022,feb,4,3,25,38,43,49,3,7
tue,2022,feb,1,1,19,36,38,49,6,9
fri,2022,jan,28,10,25,29,34,45,9,10
tue,2022,jan,25,6,16,18,39,47,2,4
fri,2022,jan,21,5,14,35,36,39,7,12
tue,2022,jan,18,3,12,19,24,30,2,5
fri,2022,jan,14,6,17,25,31,46,9,12
tue,2022,jan,11,4,23,32,33,44,9,12
fri,2022,jan,7,2,14,37,44,50,7,11
tue,2022,jan,4,18,28,35,36,41,6,11
fri,2021,dec,31,7,22,25,43,49,6,7
tue,2021,dec,28,4,6,15,17,29,9,12
fri,2021,dec,24,2,26,28,34,41,5,10
tue,2021,dec,21,12,17,21,34,38,2,3
fri,2021,dec,17,1,2,15,30,35,2,7
tue,2021,dec,14,19,21,37,47,48,3,6
fri,2021,dec,10,11,21,33,38,42,2,8
tue,2021,dec,7,22,31,38,46,47,7,11
fri,2021,dec,3,21,22,29,32,46,9,10
tue,2021,nov,30,19,20,26,33,43,1,4
fri,2021,nov,26,1,20,41,42,50,3,7
tue,2021,nov,23,17,21,36,42,46,7,10
fri,2021,nov,19,22,26,38,47,50,2,6
tue,2021,nov,16,9,19,21,32,36,3,4
fri,2021,nov,12,2,9,15,47,50,6,9
tue,2021,nov,9,17,25,26,33,36,1,8
fri,2021,nov,5,2,12,25,30,41,8,11
tue,2021,nov,2,2,3,17,29,43,1,4
fri,2021,oct,29,10,15,28,32,49,3,9
tue,2021,oct,26,12,15,20,42,44,1,2
fri,2021,oct,22,12,17,22,33,39,2,12
tue,2021,oct,19,4,20,36,40,41,1,6
fri,2021,oct,15,21,26,31,34,49,2,5
tue,2021,oct,12,6,13,22,45,49,10,11
fri,2021,oct,8,1,10,23,42,46,3,5
tue,2021,oct,5,11,13,14,36,45,7,9
fri,2021,oct,1,1,15,19,26,48,6,12
tue,2021,sep,28,6,7,12,33,39,1,7
fri,2021,sep,24,2,12,20,27,41,10,12
tue,2021,sep,21,20,25,26,30,38,2,8
fri,2021,sep,17,5,7,8,10,34,1,9
tue,2021,sep,14,12,18,35,38,45,2,8
fri,2021,sep,10,1,6,7,18,28,2,8
tue,2021,sep,7,7,19,35,42,43,7,9
fri,2021,sep,3,5,7,13,29,35,3,7
tue,2021,aug,31,5,13,17,32,43,2,10
fri,2021,aug,27,2,3,31,46,50,8,12
tue,2021,aug,24,19,21,36,44,50,3,10
fri,2021,aug,20,3,9,19,20,23,9,11
tue,2021,aug,17,12,31,41,42,47,4,6
fri,2021,aug,13,6,12,44,47,49,8,12
tue,2021,aug,10,9,37,47,48,49,2,7
fri,2021,aug,6,7,14,21,26,32,4,12
tue,2021,aug,3,17,21,23,45,46,7,11
fri,2021,jul,30,10,23,33,35,37,5,10
tue,2021,jul,27,5,9,19,21,25,10,12
fri,2021,jul,23,23,24,26,34,50,2,4
tue,2021,jul,20,3,12,19,41,48,6,9
fri,2021,jul,16,5,16,42,47,49,3,11
tue,2021,jul,13,5,6,8,11,22,3,4
fri,2021,jul,9,6,19,36,37,49,4,11
tue,2021,jul,6,2,5,21,27,42,9,11
fri,2021,jul,2,9,14,29,38,49,7,10
tue,2021,jun,29,6,12,20,24,48,5,6
fri,2021,jun,25,1,29,30,33,36,3,12
tue,2021,jun,22,6,24,26,27,41,3,8
fri,2021,jun,18,11,20,27,30,41,3,5
tue,2021,jun,15,11,21,26,30,31,2,3
fri,2021,jun,11,9,17,21,33,39,7,11
tue,2021,jun,8,2,11,26,36,47,7,9
fri,2021,jun,4,7,20,36,40,46,2,4
tue,2021,jun,1,3,10,26,35,44,6,7
fri,2021,may,28,11,13,16,34,40,1,12
tue,2021,may,25,1,21,26,30,38,2,8
fri,2021,may,21,2,9,13,15,35,3,10
tue,2021,may,18,5,13,38,39,40,4,12
tue,2021,apr,20,5,17,28,41,46,10,11
fri,2021,apr,16,6,11,29,40,48,5,9
tue,2021,apr,13,16,20,31,47,50,2,8
fri,2021,apr,9,2,8,32,35,44,8,11
tue,2021,apr,6,2,21,37,38,50,7,8
fri,2021,apr,2,4,21,34,40,47,2,5
tue,2021,mar,30,24,27,28,29,42,4,8
fri,2021,mar,26,10,12,37,49,50,3,8
tue,2021,mar,23,2,26,29,36,49,3,9
fri,2021,mar,19,3,9,35,43,44,1,10
tue,2021,mar,16,23,25,32,35,47,2,6
fri,2021,mar,12,4,6,9,11,44,10,11
tue,2021,mar,9,1,16,21,32,33,11,12
fri,2021,mar,5,4,5,39,46,48,7,10
tue,2021,mar,2,2,19,24,26,49,6,7
fri,2021,feb,26,6,12,22,29,33,6,11
tue,2021,feb,23,9,18,30,39,45,1,3
fri,2021,feb,19,4,12,25,46,48,7,12
tue,2021,feb,16,5,9,25,29,30,6,7
fri,2021,feb,12,7,23,30,32,36,8,12
tue,2021,feb,9,5,10,24,31,37,9,10
fri,2021,feb,5,12,19,37,44,45,2,6
tue,2021,feb,2,18,20,35,38,48,9,12
fri,2021,jan,29,1,5,27,36,42,1,6
tue,2021,jan,26,5,7,25,37,40,2,8
fri,2021,jan,22,8,16,42,44,47,6,7
tue,2021,jan,19,25,27,31,35,43,5,6
fri,2021,jan,15,4,10,27,38,40,3,11
tue,2021,jan,12,2,10,18,34,35,6,9
fri,2021,jan,8,18,23,37,41,42,4,6
tue,2021,jan,5,12,34,37,38,42,1,3
fri,2021,jan,1,16,28,32,44,48,1,9
tue,2020,dec,29,7,32,39,40,45,3,8
fri,2020,dec,25,16,21,27,30,32,3,5
tue,2020,dec,22,2,10,16,42,50,4,11
fri,2020,dec,18,2,3,13,17,21,7,8
tue,2020,dec,15,9,13,21,29,35,1,2
fri,2020,dec,11,6,9,13,24,41,3,12
tue,2020,dec,8,1,4,21,24,46,2,12
fri,2020,dec,4,14,20,27,34,38,1,11
tue,2020,dec,1,14,20,29,47,49,4,12
fri,2020,nov,27,2,5,8,14,16,8,9
tue,2020,nov,24,25,33,38,42,50,8,12
fri,2020,nov,20,28,29,39,48,50,5,7
tue,2020,nov,17,16,19,25,30,44,2,6
fri,2020,nov,13,1,5,17,28,31,1,10
tue,2020,nov,10,3,19,29,32,38,5,12
fri,2020,nov,6,7,12,37,40,50,1,2
tue,2020,nov,3,5,7,18,20,30,6,7
fri,2020,oct,30,12,16,20,21,28,3,9
tue,2020,oct,27,13,15,28,32,44,3,12
fri,2020,oct,23,10,15,19,21,23,3,12
tue,2020,oct,20,5,6,15,37,42,3,4
fri,2020,oct,16,15,33,38,40,50,3,6
tue,2020,oct,13,5,14,38,41,46,1,10
fri,2020,oct,9,11,15,35,41,50,5,8
tue,2020,oct,6,4,21,36,41,47,9,11
fri,2020,oct,2,6,12,15,40,45,3,9
tue,2020,sep,29,4,14,16,41,44,11,12
fri,2020,sep,25,19,23,34,37,45,1,7
tue,2020,sep,22,16,25,28,39,40,1,6
fri,2020,sep,18,2,10,19,25,45,1,7
tue,2020,sep,15,16,20,25,30,38,6,8
fri,2020,sep,11,34,38,42,43,45,9,12
tue,2020,sep,8,2,9,31,35,41,9,12
fri,2020,sep,4,6,22,29,40,43,4,7
tue,2020,sep,1,4,8,10,33,46,8,11
fri,2020,aug,28,7,12,16,17,31,7,9
tue,2020,aug,25,7,18,30,37,39,8,10
fri,2020,aug,21,10,15,35,44,50,3,5
tue,2020,aug,18,6,12,17,34,42,5,12
fri,2020,aug,14,9,10,19,42,49,4,12
tue,2020,aug,11,8,13,14,42,50,3,9
fri,2020,aug,7,5,20,21,36,41,6,11
tue,2020,aug,4,1,2,5,15,42,5,8
fri,2020,jul,31,21,24,30,46,49,2,5
tue,2020,jul,28,9,13,15,17,34,2,7
fri,2020,jul,24,8,9,27,28,50,4,12
tue,2020,jul,21,14,15,24,29,42,2,4
fri,2020,jul,17,7,15,27,41,43,7,9
tue,2020,jul,14,11,22,30,37,47,9,10
fri,2020,jul,10,15,17,23,30,38,2,7
tue,2020,jul,7,12,16,23,33,41,8,10
fri,2020,jul,3,4,16,27,37,39,3,6
tue,2020,jun,30,1,6,11,28,42,2,10
fri,2020,jun,26,1,10,12,21,26,5,11
tue,2020,jun,23,2,12,19,46,49,1,8
fri,2020,jun,19,5,14,19,24,43,3,11
tue,2020,jun,16,4,9,11,17,39,2,10
fri,2020,jun,12,2,24,39,45,46,4,8
tue,2020,jun,9,5,15,27,36,46,2,8
fri,2020,jun,5,5,11,17,24,37,3,6
tue,2020,jun,2,10,12,22,26,49,7,11
fri,2020,may,29,4,8,11,19,46,4,8
tue,2020,may,26,4,9,14,21,27,4,6
fri,2020,may,22,3,18,22,27,32,2,7
tue,2020,may,19,5,25,32,37,43,6,7
fri,2020,may,15,11,23,32,34,39,1,6
tue,2020,may,12,9,16,29,37,39,4,11
fri,2020,may,8,8,25,32,33,38,7,9
tue,2020,may,5,2,10,22,27,41,2,3
fri,2020,may,1,19,20,38,45,47,2,6
tue,2020,apr,28,15,23,26,28,32,1,5
fri,2020,apr,24,1,5,19,21,28,4,7
tue,2020,apr,21,10,11,14,23,28,6,8
fri,2020,apr,17,16,28,32,37,45,1,11
tue,2020,apr,14,6,29,34,35,40,4,11
fri,2020,apr,10,3,10,17,33,39,1,4
tue,2020,apr,7,4,5,14,33,48,7,12
fri,2020,apr,3,16,19,34,46,50,2,6
tue,2020,mar,31,12,17,24,30,36,1,9
fri,2020,mar,27,11,14,27,41,46,2,3
tue,2020,mar,24,7,12,26,30,33,10,11
fri,2020,mar,20,3,9,20,34,40,6,12
tue,2020,mar,17,5,7,8,16,20,2,12
fri,2020,mar,13,3,11,21,27,36,9,10
tue,2020,mar,10,11,23,30,37,43,5,12
fri,2020,mar,6,15,38,43,45,46,1,11
tue,2020,mar,3,4,14,27,44,45,1,10
fri,2020,feb,28,8,11,20,22,23,3,4
tue,2020,feb,25,1,4,18,27,42,4,6
fri,2020,feb,21,7,23,30,32,45,5,9
tue,2020,feb,18,11,32,34,38,47,2,10
fri,2020,feb,14,5,20,35,41,49,6,10
tue,2020,feb,11,24,26,32,43,46,6,10
fri,2020,feb,7,9,15,17,25,40,3,9
tue,2020,feb,4,21,23,33,35,47,6,7
fri,2020,jan,31,13,18,20,23,30,2,4
tue,2020,jan,28,1,19,27,31,38,4,5
fri,2020,jan,24,3,4,6,9,24,5,8
tue,2020,jan,21,10,11,24,36,46,3,5
fri,2020,jan,17,8,19,20,29,44,3,8
tue,2020,jan,14,21,25,29,39,44,8,9
fri,2020,jan,10,6,17,32,44,46,2,6
tue,2020,jan,7,5,8,12,37,43,6,11
fri,2020,jan,3,5,15,20,36,47,8,12
tue,2019,dec,31,26,31,33,41,48,2,4
fri,2019,dec,27,1,7,22,26,35,5,10
tue,2019,dec,24,3,11,13,14,47,3,6
fri,2019,dec,20,8,24,30,32,34,3,4
tue,2019,dec,17,1,7,12,25,49,6,9
fri,2019,dec,13,9,16,18,23,32,2,10
tue,2019,dec,10,2,10,19,21,47,2,8
fri,2019,dec,6,1,3,27,39,46,1,10
tue,2019,dec,3,18,31,32,38,48,4,12
fri,2019,nov,29,3,7,12,42,50,6,8
tue,2019,nov,26,2,3,15,19,34,5,8
fri,2019,nov,22,3,21,32,34,48,3,11
tue,2019,nov,19,8,10,15,30,42,4,6
fri,2019,nov,15,3,13,20,32,34,4,11
tue,2019,nov,12,1,21,23,25,39,2,4
fri,2019,nov,8,8,17,20,23,45,2,8
tue,2019,nov,5,9,14,25,33,48,2,12
fri,2019,nov,1,2,20,39,44,48,5,7
tue,2019,oct,29,16,18,28,42,49,5,10
fri,2019,oct,25,34,37,39,40,50,4,10
tue,2019,oct,22,2,5,32,33,47,7,8
fri,2019,oct,18,8,18,22,41,42,11,12
tue,2019,oct,15,3,28,31,32,34,4,5
fri,2019,oct,11,2,14,19,42,45,5,6
tue,2019,oct,8,7,10,15,44,49,3,12
fri,2019,oct,4,6,9,35,41,44,6,9
tue,2019,oct,1,2,11,18,40,46,1,4
fri,2019,sep,27,24,37,41,43,46,2,8
tue,2019,sep,24,2,33,42,47,48,1,2
fri,2019,sep,20,8,21,25,38,50,4,8
tue,2019,sep,17,22,37,43,44,45,1,12
fri,2019,sep,13,1,12,27,42,47,6,7
tue,2019,sep,10,3,22,25,30,49,3,6
fri,2019,sep,6,10,13,22,40,48,2,5
tue,2019,sep,3,7,11,38,39,44,7,10
fri,2019,aug,30,25,27,45,46,49,4,6
tue,2019,aug,27,8,26,35,43,47,1,9
fri,2019,aug,23,4,17,35,42,45,2,8
tue,2019,aug,20,20,22,23,24,37,1,4
fri,2019,aug,16,9,10,27,37,42,1,5
tue,2019,aug,13,13,29,31,33,40,2,3
fri,2019,aug,9,2,14,35,41,42,10,11
tue,2019,aug,6,12,13,29,36,38,4,12
fri,2019,aug,2,13,22,33,44,50,2,5
tue,2019,jul,30,15,20,23,27,40,3,6
fri,2019,jul,26,2,5,27,37,42,3,10
tue,2019,jul,23,1,14,19,23,38,3,7
fri,2019,jul,19,13,14,17,26,28,2,7
tue,2019,jul,16,3,5,13,18,39,7,8
fri,2019,jul,12,2,31,39,45,47,4,8
tue,2019,jul,9,7,29,32,36,41,6,7
fri,2019,jul,5,2,9,20,34,42,6,9
tue,2019,jul,2,11,19,29,44,45,8,12
fri,2019,jun,28,1,3,16,33,49,2,11
tue,2019,jun,25,6,26,27,34,46,1,9
fri,2019,jun,21,5,8,9,25,39,3,7
tue,2019,jun,18,12,24,37,40,44,3,7
fri,2019,jun,14,1,13,30,31,39,2,7
tue,2019,jun,11,25,27,39,42,46,11,12
fri,2019,jun,7,1,4,16,20,34,2,5
tue,2019,jun,4,9,31,32,39,41,2,8
fri,2019,may,31,1,23,24,26,35,1,11
tue,2019,may,28,7,19,20,28,29,1,5
fri,2019,may,24,5,16,23,30,49,6,7
tue,2019,may,21,32,33,34,39,47,8,12
fri,2019,may,17,16,28,42,43,45,6,7
tue,2019,may,14,10,14,17,25,50,2,10
fri,2019,may,10,1,4,27,45,48,1,7
tue,2019,may,7,7,20,26,32,47,2,11
fri,2019,may,3,2,9,20,27,43,5,6
tue,2019,apr,30,5,12,20,26,48,2,11
fri,2019,apr,26,14,33,35,47,50,9,11
tue,2019,apr,23,18,23,27,42,44,2,7
fri,2019,apr,19,7,8,32,41,49,5,11
tue,2019,apr,16,1,8,15,44,49,2,11
fri,2019,apr,12,1,28,35,36,46,6,9
tue,2019,apr,9,18,21,29,38,41,1,11
fri,2019,apr,5,1,7,10,29,45,3,5
tue,2019,apr,2,2,9,16,26,36,6,7
fri,2019,mar,29,13,23,26,32,47,6,10
tue,2019,mar,26,12,19,23,43,47,2,6
fri,2019,mar,22,4,17,26,30,43,6,11
tue,2019,mar,19,1,6,9,34,47,7,12
fri,2019,mar,15,3,15,24,42,46,9,12
tue,2019,mar,12,5,7,13,19,31,2,9
fri,2019,mar,8,17,18,19,24,40,4,8
tue,2019,mar,5,6,10,16,39,46,8,11
fri,2019,mar,1,6,9,19,26,31,11,12
tue,2019,feb,26,3,15,29,35,47,3,4
fri,2019,feb,22,3,27,29,33,50,3,7
tue,2019,feb,19,1,8,18,19,39,7,9
fri,2019,feb,15,15,27,34,38,49,2,10
tue,2019,feb,12,6,34,36,41,50,1,5
fri,2019,feb,8,11,12,13,39,46,7,10
tue,2019,feb,5,14,25,31,37,43,2,3
fri,2019,feb,1,3,21,26,41,46,1,6
tue,2019,jan,29,14,24,26,32,39,3,8
fri,2019,jan,25,1,6,13,15,16,6,10
tue,2019,jan,22,9,23,29,41,49,8,10
fri,2019,jan,18,5,6,16,30,46,5,10
tue,2019,jan,15,22,25,29,33,35,3,6
fri,2019,jan,11,1,19,31,39,48,1,6
tue,2019,jan,8,3,19,22,31,32,2,11
fri,2019,jan,4,7,11,19,27,37,6,10
tue,2019,jan,1,1,8,11,25,28,4,6
fri,2018,dec,28,13,16,34,35,45,10,12
tue,2018,dec,25,4,5,8,31,43,2,9
fri,2018,dec,21,2,12,15,34,50,3,4
tue,2018,dec,18,1,9,18,39,48,5,7
fri,2018,dec,14,12,29,38,42,44,2,12
tue,2018,dec,11,4,7,13,23,42,1,3
fri,2018,dec,7,11,17,26,37,48,1,10
tue,2018,dec,4,19,20,21,42,45,8,9
fri,2018,nov,30,3,10,12,23,26,1,12
tue,2018,nov,27,4,16,17,18,32,2,11
fri,2018,nov,23,5,8,25,26,30,3,10
tue,2018,nov,20,6,19,39,45,48,7,12
fri,2018,nov,16,9,10,13,28,41,1,12
tue,2018,nov,13,2,7,10,13,42,3,6
fri,2018,nov,9,14,17,32,37,49,11,12
tue,2018,nov,6,14,24,36,40,43,2,9
fri,2018,nov,2,5,15,17,37,44,7,11
tue,2018,oct,30,17,23,27,43,44,1,12
fri,2018,oct,26,5,18,21,31,35,6,9
tue,2018,oct,23,1,2,5,21,32,2,12
fri,2018,oct,19,1,3,29,47,48,3,12
tue,2018,oct,16,15,28,37,40,42,1,6
fri,2018,oct,12,4,9,12,31,43,5,8
tue,2018,oct,9,3,12,36,44,45,8,11
fri,2018,oct,5,8,16,24,26,35,3,11
tue,2018,oct,2,7,17,29,37,45,3,11
fri,2018,sep,28,2,4,8,27,50,2,9
tue,2018,sep,25,6,15,20,30,38,4,7
fri,2018,sep,21,5,7,21,25,37,3,4
tue,2018,sep,18,3,8,10,32,45,4,12
fri,2018,sep,14,1,3,33,40,45,3,4
tue,2018,sep,11,9,18,32,38,46,2,3
fri,2018,sep,7,4,23,27,31,50,1,8
tue,2018,sep,4,5,14,28,30,47,4,11
fri,2018,aug,31,4,30,31,38,42,4,6
tue,2018,aug,28,4,16,32,42,46,8,12
fri,2018,aug,24,3,14,31,36,50,1,12
tue,2018,aug,21,16,23,42,43,49,10,12
fri,2018,aug,17,2,15,18,24,43,8,12
tue,2018,aug,14,1,15,18,25,31,9,11
fri,2018,aug,10,18,20,36,43,44,3,9
tue,2018,aug,7,16,28,29,30,36,8,10
fri,2018,aug,3,7,26,36,38,43,6,12
tue,2018,jul,31,20,25,34,42,45,6,11
fri,2018,jul,27,11,17,22,23,41,6,11
tue,2018,jul,24,2,4,23,39,40,3,9
fri,2018,jul,20,2,15,40,43,46,3,6
tue,2018,jul,17,4,6,27,48,50,1,11
fri,2018,jul,13,1,4,14,21,49,2,12
tue,2018,jul,10,3,8,26,33,45,7,10
fri,2018,jul,6,8,30,33,38,48,2,10
tue,2018,jul,3,1,12,15,29,48,3,5
fri,2018,jun,29,15,21,23,40,48,3,12
tue,2018,jun,26,15,16,20,34,50,4,7
fri,2018,jun,22,14,25,39,41,44,2,8
tue,2018,jun,19,7,19,26,42,50,4,9
fri,2018,jun,15,23,26,33,38,49,1,12
tue,2018,jun,12,7,21,23,36,38,6,8
fri,2018,jun,8,8,19,32,43,46,2,8
tue,2018,jun,5,9,15,22,39,46,4,5
fri,2018,jun,1,17,18,24,29,40,4,5
tue,2018,may,29,6,11,20,38,43,2,4
fri,2018,may,25,13,15,16,28,41,4,5
tue,2018,may,22,1,11,37,41,48,8,12
fri,2018,may,18,5,8,10,13,31,3,6
tue,2018,may,15,4,16,20,31,39,2,12
fri,2018,may,11,3,22,34,49,50,8,11
tue,2018,may,8,17,25,35,39,44,2,5
fri,2018,may,4,6,12,23,39,45,9,12
tue,2018,may,1,6,15,17,42,48,4,6
fri,2018,apr,27,12,24,40,41,46,5,12
tue,2018,apr,24,20,23,28,30,44,3,7
fri,2018,apr,20,3,16,25,39,44,7,11
tue,2018,apr,17,15,27,33,39,50,4,6
fri,2018,apr,13,5,25,34,48,50,6,7
tue,2018,apr,10,14,27,39,46,48,11,12
fri,2018,apr,6,1,29,33,45,47,4,8
tue,2018,apr,3,3,8,16,40,43,5,8
fri,2018,mar,30,12,17,28,35,47,7,11
tue,2018,mar,27,17,20,23,40,46,9,10
fri,2018,mar,23,5,7,11,46,50,8,11
tue,2018,mar,20,26,29,37,39,44,9,11
fri,2018,mar,16,4,17,24,27,31,10,11
tue,2018,mar,13,9,11,13,33,49,6,12
fri,2018,mar,9,9,14,21,32,44,1,12
tue,2018,mar,6,15,20,26,31,44,2,9
fri,2018,mar,2,2,7,34,45,48,1,12
tue,2018,feb,27,3,31,41,48,50,8,11
fri,2018,feb,23,10,17,18,28,47,3,7
tue,2018,feb,20,6,14,19,25,29,5,11
fri,2018,feb,16,10,12,23,32,50,4,10
tue,2018,feb,13,10,13,17,21,44,1,10
fri,2018,feb,9,22,31,36,38,44,1,11
tue,2018,feb,6,8,17,28,34,38,6,12
fri,2018,feb,2,14,34,36,39,48,2,3
tue,2018,jan,30,11,15,21,27,35,4,5
fri,2018,jan,26,6,15,24,28,48,4,9
tue,2018,jan,23,5,8,9,23,24,7,8
fri,2018,jan,19,3,8,17,44,50,2,7
tue,2018,jan,16,20,23,31,34,46,3,12
fri,2018,jan,12,13,21,23,30,45,4,6
tue,2018,jan,9,6,12,15,38,49,2,9
fri,2018,jan,5,2,5,20,38,41,4,8
tue,2018,jan,2,10,20,21,28,48,1,8
fri,2017,dec,29,4,8,22,23,48,1,12
tue,2017,dec,26,4,17,30,43,44,2,10
fri,2017,dec,22,5,24,30,31,43,3,6
tue,2017,dec,19,8,15,30,38,46,4,7
fri,2017,dec,15,25,30,31,42,50,2,11
tue,2017,dec,12,20,37,39,44,50,4,8
fri,2017,dec,8,4,22,30,32,34,3,4
tue,2017,dec,5,11,36,43,44,48,2,7
fri,2017,dec,1,5,24,29,35,46,11,12
tue,2017,nov,28,1,6,12,18,42,2,7
fri,2017,nov,24,19,24,28,30,50,3,10
tue,2017,nov,21,2,10,14,28,31,5,7
fri,2017,nov,17,20,26,35,36,42,5,12
tue,2017,nov,14,14,16,39,40,41,8,10
fri,2017,nov,10,13,22,29,36,37,1,9
tue,2017,nov,7,7,19,20,37,41,2,12
fri,2017,nov,3,5,12,17,33,41,4,9
tue,2017,oct,31,1,12,36,43,46,3,5
fri,2017,oct,27,3,16,23,32,39,1,4
tue,2017,oct,24,9,11,13,27,33,7,10
fri,2017,oct,20,4,17,23,27,30,3,8
tue,2017,oct,17,13,17,19,26,36,2,3
fri,2017,oct,13,23,29,37,45,50,5,11
tue,2017,oct,10,4,21,34,36,37,3,6
fri,2017,oct,6,1,9,15,19,25,1,7
tue,2017,oct,3,6,24,32,48,50,1,5
fri,2017,sep,29,7,18,19,32,48,3,7
tue,2017,sep,26,1,29,40,41,48,6,12
fri,2017,sep,22,6,11,31,39,42,1,3
tue,2017,sep,19,1,8,21,30,45,2,3
fri,2017,sep,15,13,18,37,44,49,9,12
tue,2017,sep,12,10,17,27,29,35,4,11
fri,2017,sep,8,9,24,42,47,49,1,5
tue,2017,sep,5,6,9,18,28,29,1,9
fri,2017,sep,1,3,7,8,14,49,5,8
tue,2017,aug,29,4,12,15,32,38,1,5
fri,2017,aug,25,1,5,7,15,47,9,12
tue,2017,aug,22,3,10,12,17,27,3,5
fri,2017,aug,18,2,24,39,42,45,2,8
tue,2017,aug,15,10,14,30,35,46,4,10
fri,2017,aug,11,18,28,39,46,48,5,12
tue,2017,aug,8,15,25,26,40,41,4,5
fri,2017,aug,4,29,30,36,40,41,2,9
tue,2017,aug,1,14,21,24,29,30,8,10
fri,2017,jul,28,5,9,29,31,41,2,4
tue,2017,jul,25,12,14,43,44,48,2,11
fri,2017,jul,21,1,8,9,26,49,5,9
tue,2017,jul,18,1,25,27,41,45,5,7
fri,2017,jul,14,11,14,20,21,47,7,10
tue,2017,jul,11,14,22,26,42,50,8,10
fri,2017,jul,7,11,20,35,37,45,3,6
tue,2017,jul,4,10,22,25,37,49,5,8
fri,2017,jun,30,17,35,39,47,50,6,8
tue,2017,jun,27,9,17,21,28,45,1,3
fri,2017,jun,23,3,4,21,31,38,3,7
tue,2017,jun,20,11,18,26,43,44,8,10
fri,2017,jun,16,15,17,38,41,42,9,12
tue,2017,jun,13,3,12,22,27,49,4,11
fri,2017,jun,9,9,20,27,39,43,10,11
tue,2017,jun,6,20,22,25,37,40,3,7
fri,2017,jun,2,8,10,24,33,42,3,9
tue,2017,may,30,7,12,27,38,48,6,9
fri,2017,may,26,5,7,26,36,39,2,10
tue,2017,may,23,8,15,25,27,42,1,4
fri,2017,may,19,9,11,12,19,30,4,9
tue,2017,may,16,8,11,15,20,30,3,8
fri,2017,may,12,2,20,28,29,44,3,9
tue,2017,may,9,8,12,16,22,26,6,7
fri,2017,may,5,3,7,30,35,43,1,3
tue,2017,may,2,6,19,23,25,27,11,12
fri,2017,apr,28,14,20,25,30,39,2,8
tue,2017,apr,25,9,11,19,32,43,3,9
fri,2017,apr,21,2,13,16,22,49,4,5
tue,2017,apr,18,17,22,31,38,45,5,12
fri,2017,apr,14,4,14,20,23,33,6,10
tue,2017,apr,11,5,21,22,31,49,2,8
fri,2017,apr,7,2,10,19,35,50,6,7
tue,2017,apr,4,1,9,24,33,34,2,6
fri,2017,mar,31,17,24,26,28,45,4,12
tue,2017,mar,28,9,13,31,33,46,6,10
fri,2017,mar,24,2,17,21,27,34,5,9
tue,2017,mar,21,1,20,23,44,47,4,11
fri,2017,mar,17,6,10,19,29,36,3,9
tue,2017,mar,14,3,5,21,36,44,3,6
fri,2017,mar,10,31,36,38,47,49,8,11
tue,2017,mar,7,6,37,41,48,50,4,5
fri,2017,mar,3,2,11,29,30,47,1,12
tue,2017,feb,28,10,20,31,35,42,2,12
fri,2017,feb,24,2,4,13,22,43,8,9
tue,2017,feb,21,13,19,41,45,49,3,4
fri,2017,feb,17,19,25,33,36,48,2,9
tue,2017,feb,14,2,10,24,40,44,3,10
fri,2017,feb,10,7,21,26,35,43,2,9
tue,2017,feb,7,4,10,31,38,44,8,10
fri,2017,feb,3,3,4,15,46,50,5,9
tue,2017,jan,31,3,4,17,23,44,6,9
fri,2017,jan,27,17,20,28,45,48,5,9
tue,2017,jan,24,1,5,7,17,23,3,8
fri,2017,jan,20,10,17,27,31,49,3,5
tue,2017,jan,17,4,16,25,43,47,2,10
fri,2017,jan,13,3,7,16,26,50,4,7
tue,2017,jan,10,2,11,29,35,44,4,9
fri,2017,jan,6,10,14,18,21,49,9,11
tue,2017,jan,3,19,23,27,34,49,1,11
fri,2016,dec,30,8,10,22,29,47,1,3
tue,2016,dec,27,3,22,25,32,39,7,12
fri,2016,dec,23,4,16,20,39,46,2,5
tue,2016,dec,20,13,15,17,21,27,2,3
fri,2016,dec,16,6,10,30,41,45,4,11
tue,2016,dec,13,14,28,29,48,50,2,8
fri,2016,dec,9,6,12,28,37,40,1,5
tue,2016,dec,6,1,7,11,27,45,4,9
fri,2016,dec,2,6,11,23,31,32,2,12
tue,2016,nov,29,21,26,27,28,38,9,11
fri,2016,nov,25,5,11,17,23,28,10,11
tue,2016,nov,22,5,10,33,34,47,2,10
fri,2016,nov,18,3,12,27,32,47,6,8
tue,2016,nov,15,7,15,36,42,48,3,7
fri,2016,nov,11,3,22,23,38,49,2,9
tue,2016,nov,8,5,9,47,49,50,8,9
fri,2016,nov,4,7,11,12,44,48,3,7
tue,2016,nov,1,6,10,20,29,37,1,9
fri,2016,oct,28,10,16,19,23,43,2,8
tue,2016,oct,25,3,15,20,21,28,1,5
fri,2016,oct,21,9,20,23,44,48,8,10
tue,2016,oct,18,2,17,21,25,27,6,9
fri,2016,oct,14,7,13,19,31,34,1,11
tue,2016,oct,11,5,12,20,24,37,4,11
fri,2016,oct,7,2,12,20,27,30,9,11
tue,2016,oct,4,4,7,14,34,38,4,11
fri,2016,sep,30,17,35,37,43,44,2,10
tue,2016,sep,27,6,9,13,39,41,2,12
fri,2016,sep,23,14,16,39,42,49,3,9
tue,2016,sep,20,1,4,10,41,45,6,9
fri,2016,sep,16,5,8,14,22,32,2,11
tue,2016,sep,13,4,7,16,35,44,1,3
fri,2016,sep,9,4,11,15,17,28,1,3
tue,2016,sep,6,12,24,30,34,45,7,10
fri,2016,sep,2,8,16,32,40,50,2,11
tue,2016,aug,30,13,16,29,35,42,6,8
fri,2016,aug,26,1,9,28,30,48,7,8
tue,2016,aug,23,2,23,31,37,45,4,8
fri,2016,aug,19,5,6,22,25,34,5,7
tue,2016,aug,16,2,26,34,37,46,4,8
fri,2016,aug,12,2,15,28,36,50,2,11
tue,2016,aug,9,12,19,43,44,45,5,10
fri,2016,aug,5,16,19,24,35,37,2,7
tue,2016,aug,2,2,8,27,38,46,2,6
fri,2016,jul,29,1,21,26,40,50,2,4
tue,2016,jul,26,3,10,13,45,49,2,11
fri,2016,jul,22,7,24,26,37,45,5,9
tue,2016,jul,19,19,24,28,36,37,3,6
fri,2016,jul,15,2,11,13,14,21,1,8
tue,2016,jul,12,3,7,26,33,41,2,10
fri,2016,jul,8,8,12,18,33,44,4,8
tue,2016,jul,5,1,10,29,38,48,3,4
fri,2016,jul,1,2,11,13,40,50,1,10
tue,2016,jun,28,26,32,37,43,49,4,5
fri,2016,jun,24,11,19,27,28,39,3,10
tue,2016,jun,21,5,17,32,35,49,1,5
fri,2016,jun,17,1,7,18,27,43,4,8
tue,2016,jun,14,13,34,39,42,50,9,11
fri,2016,jun,10,14,21,35,42,43,7,9
tue,2016,jun,7,19,26,35,45,49,2,5
fri,2016,jun,3,7,23,31,33,39,6,10
tue,2016,may,31,6,12,26,30,48,6,7
fri,2016,may,27,13,25,27,43,46,4,8
tue,2016,may,24,16,17,23,34,37,6,9
fri,2016,may,20,9,14,30,41,45,4,9
tue,2016,may,17,15,27,32,36,39,3,10
fri,2016,may,13,7,15,28,31,42,10,11
tue,2016,may,10,2,26,27,40,49,5,10
fri,2016,may,6,32,34,40,45,48,1,10
tue,2016,may,3,8,23,24,34,38,3,7
fri,2016,apr,29,4,5,25,28,43,6,11
tue,2016,apr,26,10,17,31,32,42,2,5
fri,2016,apr,22,17,26,32,34,43,2,10
tue,2016,apr,19,11,14,15,27,44,2,7
fri,2016,apr,15,13,14,32,37,48,1,7
tue,2016,apr,12,1,5,9,22,38,2,10
fri,2016,apr,8,6,8,26,43,49,6,10
tue,2016,apr,5,3,5,9,19,40,2,5
fri,2016,apr,1,2,16,23,25,49,6,9
tue,2016,mar,29,1,4,19,25,36,3,11
fri,2016,mar,25,12,19,36,42,43,5,6
tue,2016,mar,22,12,15,26,42,49,5,8
fri,2016,mar,18,14,19,21,24,49,5,11
tue,2016,mar,15,5,7,10,34,44,2,10
fri,2016,mar,11,1,21,26,40,43,6,9
tue,2016,mar,8,1,8,9,14,23,1,7
fri,2016,mar,4,9,14,16,23,40,1,5
tue,2016,mar,1,4,7,13,28,37,10,11
fri,2016,feb,26,5,13,15,33,50,9,11
tue,2016,feb,23,23,25,32,37,42,1,11
fri,2016,feb,19,13,14,30,32,39,3,9
tue,2016,feb,16,3,10,22,37,50,6,10
fri,2016,feb,12,3,20,28,31,49,2,5
tue,2016,feb,9,6,9,13,28,37,4,5
fri,2016,feb,5,3,27,32,41,46,4,8
tue,2016,feb,2,6,9,10,21,36,2,6
fri,2016,jan,29,1,5,23,29,32,1,7
tue,2016,jan,26,15,24,38,40,48,2,9
fri,2016,jan,22,10,12,27,30,47,8,9
fri,2016,jan,8,5,26,33,35,40,3,8
tue,2016,jan,5,6,10,31,36,39,6,10
fri,2016,jan,1,4,37,38,39,44,4,7
tue,2015,dec,29,5,20,31,32,36,6,7
fri,2015,dec,25,3,10,25,27,40,3,9
tue,2015,dec,22,18,19,20,40,41,7,10
fri,2015,dec,18,6,22,26,29,48,5,6
tue,2015,dec,15,8,11,23,27,35,4,11
fri,2015,dec,11,3,5,21,40,43,6,11
tue,2015,dec,8,12,17,29,38,48,9,11
fri,2015,dec,4,8,17,18,27,39,1,7
tue,2015,dec,1,2,15,25,35,45,8,10
fri,2015,nov,27,16,29,30,37,50,6,8
tue,2015,nov,24,9,14,16,17,26,10,11
fri,2015,nov,20,4,30,34,46,49,7,8
tue,2015,nov,17,6,7,23,37,38,10,11
fri,2015,nov,13,10,17,18,33,40,2,8
tue,2015,nov,10,6,13,18,39,43,2,8
fri,2015,nov,6,3,17,26,38,40,4,10
tue,2015,nov,3,8,27,39,46,49,2,6
fri,2015,oct,30,8,13,17,21,34,6,7
tue,2015,oct,27,11,12,20,25,36,6,9
fri,2015,oct,23,7,25,30,32,39,2,8
tue,2015,oct,20,17,19,21,30,45,8,10
fri,2015,oct,16,7,28,29,43,48,3,10
tue,2015,oct,13,12,15,26,29,47,3,11
fri,2015,oct,9,1,40,42,43,47,9,11
tue,2015,oct,6,11,20,22,29,32,1,8
fri,2015,oct,2,7,18,21,32,35,2,11
tue,2015,sep,29,11,14,26,29,49,3,9
fri,2015,sep,25,13,14,23,30,37,2,8
tue,2015,sep,22,14,23,26,27,29,7,10
fri,2015,sep,18,7,29,33,34,39,7,8
tue,2015,sep,15,8,15,17,44,49,5,8
fri,2015,sep,11,10,18,19,29,50,1,9
tue,2015,sep,8,14,16,39,40,42,1,4
fri,2015,sep,4,8,9,27,45,50,8,10
tue,2015,sep,1,6,19,21,27,45,1,8
fri,2015,aug,28,11,29,30,31,34,4,7
tue,2015,aug,25,27,31,33,42,50,2,5
fri,2015,aug,21,4,16,18,43,47,6,10
tue,2015,aug,18,7,10,11,12,19,2,9
fri,2015,aug,14,4,7,39,44,45,3,5
tue,2015,aug,11,2,3,8,15,16,4,11
fri,2015,aug,7,1,5,21,39,44,4,11
tue,2015,aug,4,10,15,39,45,50,9,10
fri,2015,jul,31,16,21,34,40,50,6,9
tue,2015,jul,28,23,32,36,43,49,7,8
fri,2015,jul,24,2,9,21,35,46,2,11
tue,2015,jul,21,14,20,27,29,44,7,10
fri,2015,jul,17,1,21,22,43,48,7,9
tue,2015,jul,14,6,18,19,34,36,1,8
fri,2015,jul,10,5,8,15,35,41,4,5
tue,2015,jul,7,6,7,18,33,41,3,10
fri,2015,jul,3,11,12,15,18,44,3,9
tue,2015,jun,30,11,15,28,34,37,1,8
fri,2015,jun,26,3,6,10,19,24,5,7
tue,2015,jun,23,4,16,22,38,49,6,9
fri,2015,jun,19,7,14,20,31,42,3,9
tue,2015,jun,16,10,15,16,36,37,3,9
fri,2015,jun,12,5,8,10,11,37,7,9
tue,2015,jun,9,5,9,17,32,34,6,8
fri,2015,jun,5,2,7,8,45,48,1,9
tue,2015,jun,2,7,23,29,37,41,1,8
fri,2015,may,29,3,4,20,45,48,6,8
tue,2015,may,26,5,6,7,21,24,5,6
fri,2015,may,22,18,24,35,44,45,5,11
tue,2015,may,19,26,30,31,35,37,8,11
fri,2015,may,15,5,35,42,44,47,8,9
tue,2015,may,12,14,29,30,40,46,3,6
fri,2015,may,8,7,14,19,47,49,3,10
tue,2015,may,5,1,10,17,20,42,8,9
fri,2015,may,1,3,19,20,25,26,6,10
tue,2015,apr,28,24,26,28,36,45,7,10
fri,2015,apr,24,5,19,29,31,40,3,10
tue,2015,apr,21,6,14,17,42,45,1,8
fri,2015,apr,17,2,24,30,34,39,8,11
tue,2015,apr,14,24,32,34,35,49,1,2
fri,2015,apr,10,22,23,25,30,43,5,9
tue,2015,apr,7,18,25,39,44,50,5,8
fri,2015,apr,3,27,29,37,39,49,2,4
tue,2015,mar,31,8,20,24,28,49,8,9
fri,2015,mar,27,2,30,32,39,44,6,10
tue,2015,mar,24,10,24,26,39,40,3,10
fri,2015,mar,20,3,14,37,42,48,1,10
tue,2015,mar,17,11,23,26,38,44,1,8
fri,2015,mar,13,4,5,18,22,23,1,3
tue,2015,mar,10,2,6,23,30,31,2,10
fri,2015,mar,6,23,30,47,49,50,2,7
tue,2015,mar,3,6,8,11,13,21,7,8
fri,2015,feb,27,5,14,17,25,47,9,10
tue,2015,feb,24,3,25,28,34,50,1,11
fri,2015,feb,20,4,10,14,37,46,4,7
tue,2015,feb,17,2,5,18,30,43,1,10
fri,2015,feb,13,12,24,39,42,44,3,11
tue,2015,feb,10,13,17,20,30,45,9,10
fri,2015,feb,6,10,26,30,39,50,7,8
tue,2015,feb,3,17,31,33,44,50,7,11
fri,2015,jan,30,9,13,15,19,24,3,8
tue,2015,jan,27,5,10,31,33,40,8,10
fri,2015,jan,23,6,29,30,38,45,1,8
tue,2015,jan,20,15,33,41,44,47,8,10
fri,2015,jan,16,29,30,32,34,46,3,6
tue,2015,jan,13,8,17,21,31,34,9,10
fri,2015,jan,9,6,21,24,32,45,1,11
tue,2015,jan,6,14,20,30,38,49,3,4
fri,2015,jan,2,22,24,25,28,49,3,6
tue,2014,dec,30,6,18,39,44,50,8,11
fri,2014,dec,26,17,26,27,45,49,2,3
tue,2014,dec,23,8,9,19,25,49,2,10
fri,2014,dec,19,23,29,31,39,44,5,8
tue,2014,dec,16,3,7,12,13,25,5,8
fri,2014,dec,12,2,15,28,31,37,4,6
tue,2014,dec,9,1,3,31,42,46,4,11
fri,2014,dec,5,5,8,37,47,48,2,3
tue,2014,dec,2,3,15,25,44,49,1,9
fri,2014,nov,28,6,10,15,23,41,4,10
tue,2014,nov,25,3,7,25,32,36,1,6
fri,2014,nov,21,4,7,28,32,37,5,10
tue,2014,nov,18,2,3,17,36,38,4,11
fri,2014,nov,14,17,32,36,38,48,5,8
tue,2014,nov,11,2,14,21,36,46,7,11
fri,2014,nov,7,13,25,32,38,46,1,10
tue,2014,nov,4,1,6,13,17,26,3,5
fri,2014,oct,31,10,13,20,33,41,3,9
tue,2014,oct,28,10,15,17,40,45,1,2
fri,2014,oct,24,3,9,20,30,42,1,6
tue,2014,oct,21,20,21,27,33,40,3,10
fri,2014,oct,17,1,13,40,48,49,8,10
tue,2014,oct,14,4,5,15,23,32,3,7
fri,2014,oct,10,6,29,42,45,47,9,10
tue,2014,oct,7,9,21,28,30,38,1,8
fri,2014,oct,3,4,13,23,48,50,5,10
tue,2014,sep,30,3,13,15,33,42,5,7
fri,2014,sep,26,13,27,35,46,47,1,2
tue,2014,sep,23,12,13,14,29,35,1,7
fri,2014,sep,19,6,8,34,38,48,3,9
tue,2014,sep,16,4,29,30,35,50,2,4
fri,2014,sep,12,9,13,26,31,33,7,11
tue,2014,sep,9,8,15,19,24,35,8,10
fri,2014,sep,5,1,18,23,46,50,3,9
tue,2014,sep,2,5,25,31,39,45,1,8
fri,2014,aug,29,2,9,26,32,38,3,6
tue,2014,aug,26,10,22,36,45,48,4,11
fri,2014,aug,22,4,17,29,35,49,1,2
tue,2014,aug,19,4,7,11,34,47,7,8
fri,2014,aug,15,4,5,21,23,30,8,10
tue,2014,aug,12,7,16,19,22,33,2,5
fri,2014,aug,8,21,29,35,43,46,1,9
tue,2014,aug,5,5,7,19,21,42,5,11
fri,2014,aug,1,24,44,46,48,50,5,10
tue,2014,jul,29,10,23,35,40,43,3,9
tue,2014,jul,22,1,24,43,45,50,5,8
fri,2014,jul,18,1,11,29,41,43,3,11
tue,2014,jul,15,15,18,20,27,34,1,3
fri,2014,jul,11,5,22,35,38,49,4,7
tue,2014,jul,8,8,18,22,24,27,4,11
fri,2014,jul,4,4,18,39,43,47,2,6
tue,2014,jul,1,18,22,25,27,39,5,10
fri,2014,jun,27,31,33,34,39,45,2,10
tue,2014,jun,24,1,7,20,21,48,4,7
fri,2014,jun,20,5,15,25,38,49,1,2
tue,2014,jun,17,11,13,37,40,48,8,9
fri,2014,jun,13,16,18,22,28,46,9,11
tue,2014,jun,10,12,18,21,32,33,1,11
fri,2014,jun,6,7,25,34,40,49,9,11
tue,2014,jun,3,2,15,32,39,44,5,10
fri,2014,may,30,5,24,27,41,45,6,7
tue,2014,may,27,7,13,16,25,26,1,6
fri,2014,may,23,3,8,31,34,47,9,11
tue,2014,may,20,5,33,36,38,47,4,9
fri,2014,may,16,23,26,29,37,40,3,4
tue,2014,may,13,4,13,30,34,47,2,6
fri,2014,may,9,3,21,26,28,45,7,10
tue,2014,may,6,5,19,24,31,37,1,9
fri,2014,may,2,4,30,31,38,42,2,11
tue,2014,apr,29,18,23,26,35,44,3,11
fri,2014,apr,25,13,21,24,44,49,1,9
tue,2014,apr,22,13,15,20,24,46,1,8
fri,2014,apr,18,21,24,31,39,47,3,7
fri,2014,apr,11,8,12,19,30,33,4,11
tue,2014,apr,8,11,18,29,42,49,4,11
fri,2014,apr,4,6,10,28,45,50,10,11
tue,2014,apr,1,16,18,26,38,44,8,10
fri,2014,mar,28,3,4,19,28,43,3,7
tue,2014,mar,25,7,20,26,28,50,2,8
fri,2014,mar,21,7,30,37,39,42,5,7
tue,2014,mar,18,8,27,34,36,39,5,10
fri,2014,mar,14,6,24,25,27,30,5,9
tue,2014,mar,11,1,4,23,33,44,7,8
fri,2014,mar,7,5,10,38,40,41,1,8
tue,2014,mar,4,3,5,22,27,44,1,6
fri,2014,feb,28,12,32,38,43,44,2,7
tue,2014,feb,25,21,25,28,35,42,4,6
fri,2014,feb,21,13,17,28,30,32,5,7
tue,2014,feb,18,23,26,36,37,49,6,7
fri,2014,feb,14,2,4,6,19,39,2,7
tue,2014,feb,11,8,17,25,41,47,1,2
fri,2014,feb,7,3,17,19,46,47,9,10
tue,2014,feb,4,1,21,33,37,38,4,8
fri,2014,jan,31,8,10,15,16,31,8,9
tue,2014,jan,28,18,20,23,42,48,2,9
fri,2014,jan,24,5,19,34,35,41,1,5
tue,2014,jan,21,4,12,35,42,48,5,8
fri,2014,jan,17,19,26,32,33,42,4,10
tue,2014,jan,14,18,20,25,26,37,10,11
fri,2014,jan,10,1,2,11,27,29,1,10
tue,2014,jan,7,2,20,27,33,45,6,10
fri,2014,jan,3,3,27,31,38,44,3,8
tue,2013,dec,31,13,20,24,29,45,3,7
fri,2013,dec,27,1,6,13,22,28,5,10
tue,2013,dec,24,5,19,31,43,50,2,6
fri,2013,dec,20,12,13,17,22,43,3,10
tue,2013,dec,17,6,8,27,37,41,7,10
fri,2013,dec,13,1,22,23,24,31,6,11
tue,2013,dec,10,6,24,35,49,50,1,7
fri,2013,dec,6,1,2,18,31,36,7,10
tue,2013,dec,3,6,13,15,29,32,2,9
fri,2013,nov,29,2,7,10,23,43,4,7
tue,2013,nov,26,19,23,27,42,44,3,5
fri,2013,nov,22,13,25,26,40,50,8,9
tue,2013,nov,19,14,15,19,36,45,1,10
fri,2013,nov,15,3,13,15,29,42,1,4
tue,2013,nov,12,14,29,37,40,48,2,11
fri,2013,nov,8,20,28,35,42,43,8,10
tue,2013,nov,5,6,12,13,35,38,2,3
fri,2013,nov,1,7,19,29,30,33,3,8
tue,2013,oct,29,9,10,30,32,37,2,6
fri,2013,oct,25,2,3,10,31,38,6,10
tue,2013,oct,22,29,33,39,41,44,9,11
fri,2013,oct,18,5,25,36,46,47,2,6
tue,2013,oct,15,18,27,39,43,47,4,7
fri,2013,oct,11,6,12,17,23,43,5,9
tue,2013,oct,8,23,24,26,33,42,3,5
fri,2013,oct,4,6,20,24,35,50,5,10
tue,2013,oct,1,19,23,25,44,48,8,9
fri,2013,sep,27,11,15,38,41,43,2,6
tue,2013,sep,24,10,20,26,28,43,9,11
fri,2013,sep,20,5,11,35,38,45,2,3
tue,2013,sep,17,13,17,21,42,44,9,11
fri,2013,sep,13,4,6,14,27,33,5,10
tue,2013,sep,10,7,11,14,28,30,2,10
fri,2013,sep,6,11,23,25,32,37,4,7
tue,2013,sep,3,5,9,16,18,42,7,9
fri,2013,aug,30,2,17,25,36,45,5,9
tue,2013,aug,27,7,30,38,40,43,2,6
fri,2013,aug,23,1,6,26,30,37,5,8
tue,2013,aug,20,5,11,42,49,50,8,11
fri,2013,aug,16,20,24,27,37,39,5,10
tue,2013,aug,13,5,17,20,47,50,1,4
fri,2013,aug,9,4,7,9,23,24,8,9
tue,2013,aug,6,16,17,31,47,49,3,11
fri,2013,aug,2,21,36,37,42,48,4,7
tue,2013,jul,30,3,4,11,14,43,1,6
fri,2013,jul,26,12,23,29,38,49,3,4
tue,2013,jul,23,14,15,16,19,44,4,5
fri,2013,jul,19,13,16,24,26,35,2,5
tue,2013,jul,16,19,23,34,47,50,4,6
fri,2013,jul,12,18,26,32,33,42,2,3
tue,2013,jul,9,16,18,31,38,49,4,10
fri,2013,jul,5,4,12,15,28,33,1,10
tue,2013,jul,2,11,13,14,28,30,4,5
fri,2013,jun,28,1,15,28,35,47,1,7
tue,2013,jun,25,4,5,13,27,35,1,2
fri,2013,jun,21,10,11,30,36,45,1,2
tue,2013,jun,18,17,24,33,41,44,1,11
fri,2013,jun,14,10,25,41,47,48,6,10
tue,2013,jun,11,5,7,9,25,41,1,5
fri,2013,jun,7,7,14,26,45,50,2,7
tue,2013,jun,4,31,33,34,37,40,1,6
fri,2013,may,31,27,28,29,34,43,5,10
tue,2013,may,28,8,13,26,34,38,3,11
fri,2013,may,24,7,17,22,27,40,2,3
tue,2013,may,21,7,8,19,28,29,5,9
fri,2013,may,17,6,20,24,25,50,9,10
tue,2013,may,14,7,8,24,27,36,5,11
fri,2013,may,10,1,32,35,45,48,4,11
tue,2013,may,7,13,27,28,42,43,4,6
fri,2013,may,3,3,5,34,40,49,2,3
tue,2013,apr,30,13,36,40,43,50,5,9
fri,2013,apr,26,11,16,24,38,40,2,5
tue,2013,apr,23,1,4,7,10,50,4,11
fri,2013,apr,19,1,8,42,46,48,4,7
tue,2013,apr,16,1,11,22,33,50,4,6
fri,2013,apr,12,5,10,15,28,45,3,9
tue,2013,apr,9,15,35,38,44,48,5,10
fri,2013,apr,5,1,11,17,32,39,2,7
tue,2013,apr,2,12,17,25,29,41,1,4
fri,2013,mar,29,13,30,43,44,46,5,9
tue,2013,mar,26,4,26,30,42,44,6,11
fri,2013,mar,22,12,27,32,34,49,8,9
tue,2013,mar,19,19,32,35,37,44,1,9
fri,2013,mar,15,4,14,21,24,39,3,10
tue,2013,mar,12,2,4,10,22,50,5,8
fri,2013,mar,8,3,20,23,28,42,8,11
tue,2013,mar,5,8,19,31,33,39,2,7
fri,2013,mar,1,1,11,29,36,42,4,5
tue,2013,feb,26,3,12,13,17,30,2,6
fri,2013,feb,22,15,16,28,36,37,2,11
tue,2013,feb,19,12,15,28,30,44,8,9
fri,2013,feb,15,2,4,22,28,42,4,9
tue,2013,feb,12,5,11,16,25,28,7,9
fri,2013,feb,8,9,11,14,34,44,10,11
tue,2013,feb,5,6,25,31,40,45,6,7
fri,2013,feb,1,5,21,34,37,38,1,6
tue,2013,jan,29,9,16,26,36,39,2,6
fri,2013,jan,25,3,10,18,31,37,2,4
tue,2013,jan,22,1,10,44,45,48,1,4
fri,2013,jan,18,4,26,27,30,39,3,10
tue,2013,jan,15,22,38,40,42,47,1,11
fri,2013,jan,11,4,22,29,37,41,4,7
tue,2013,jan,8,2,20,22,26,47,5,9
fri,2013,jan,4,4,10,22,27,41,8,10
tue,2013,jan,1,2,7,8,36,49,1,11
fri,2012,dec,28,17,24,26,27,49,3,5
tue,2012,dec,25,14,18,20,23,32,3,10
fri,2012,dec,21,3,5,22,40,42,3,10
tue,2012,dec,18,14,18,20,35,44,2,5
fri,2012,dec,14,10,11,29,40,43,3,11
tue,2012,dec,11,1,4,9,43,50,6,8
fri,2012,dec,7,10,16,18,31,42,2,5
tue,2012,dec,4,5,10,28,29,44,2,4
fri,2012,nov,30,10,18,23,24,40,3,4
tue,2012,nov,27,6,10,23,44,49,1,7
fri,2012,nov,23,1,9,11,20,40,1,5
tue,2012,nov,20,28,30,42,45,49,5,10
fri,2012,nov,16,10,15,19,23,41,2,9
tue,2012,nov,13,11,16,21,24,29,2,6
fri,2012,nov,9,14,21,22,28,47,4,5
tue,2012,nov,6,7,20,25,35,41,1,9
fri,2012,nov,2,3,6,10,11,44,3,4
tue,2012,oct,30,23,24,25,31,44,2,3
fri,2012,oct,26,5,6,9,27,38,5,11
tue,2012,oct,23,1,28,35,38,50,2,10
fri,2012,oct,19,16,29,37,40,44,8,10
tue,2012,oct,16,10,32,40,41,49,2,8
fri,2012,oct,12,6,7,17,35,43,2,8
tue,2012,oct,9,2,8,10,23,25,8,9
fri,2012,oct,5,9,16,18,19,21,2,3
tue,2012,oct,2,4,16,21,36,42,7,8
fri,2012,sep,28,20,23,26,30,33,6,9
tue,2012,sep,25,7,25,27,48,49,1,4
fri,2012,sep,21,4,19,34,41,43,7,11
tue,2012,sep,18,6,7,38,39,44,7,9
fri,2012,sep,14,3,10,23,27,44,7,9
tue,2012,sep,11,6,15,22,37,44,2,4
fri,2012,sep,7,13,15,30,35,42,4,6
tue,2012,sep,4,11,17,18,39,44,5,10
fri,2012,aug,31,16,28,31,33,48,7,11
tue,2012,aug,28,1,18,25,26,44,4,5
fri,2012,aug,24,5,6,12,19,37,3,7
tue,2012,aug,21,4,5,17,38,48,3,4
fri,2012,aug,17,19,25,28,33,44,2,8
tue,2012,aug,14,1,16,38,42,45,9,10
fri,2012,aug,10,11,17,21,48,50,9,10
tue,2012,aug,7,20,27,34,46,50,2,3
fri,2012,aug,3,24,34,35,42,46,1,5
tue,2012,jul,31,4,29,35,36,39,8,9
fri,2012,jul,27,14,15,21,23,48,2,10
tue,2012,jul,24,4,16,18,25,44,1,11
fri,2012,jul,20,10,19,23,45,49,9,10
tue,2012,jul,17,2,7,24,43,46,8,10
fri,2012,jul,13,8,18,25,35,46,4,9
tue,2012,jul,10,1,3,16,24,37,1,8
fri,2012,jul,6,31,32,38,40,42,1,3
tue,2012,jul,3,2,7,22,27,40,3,6
fri,2012,jun,29,14,17,28,29,39,1,11
tue,2012,jun,26,1,11,20,22,35,8,10
fri,2012,jun,22,14,18,19,43,49,3,7
tue,2012,jun,19,7,17,20,35,50,5,11
fri,2012,jun,15,10,22,27,38,48,3,7
tue,2012,jun,12,8,15,26,30,48,9,10
fri,2012,jun,8,5,11,22,34,40,9,11
tue,2012,jun,5,13,34,37,47,49,8,9
fri,2012,jun,1,2,4,14,26,36,9,10
tue,2012,may,29,8,15,17,25,28,3,11
fri,2012,may,25,12,22,35,46,49,2,8
tue,2012,may,22,16,31,32,37,41,1,7
fri,2012,may,18,13,29,43,47,50,9,11
tue,2012,may,15,2,11,13,26,50,2,5
fri,2012,may,11,1,13,17,38,44,2,11
tue,2012,may,8,3,21,34,38,48,5,8
fri,2012,may,4,3,26,39,40,41,1,2
tue,2012,may,1,4,5,15,19,41,9,11
fri,2012,apr,27,20,27,30,36,43,1,6
tue,2012,apr,24,8,9,24,43,48,3,5
fri,2012,apr,20,3,6,29,32,41,10,11
tue,2012,apr,17,10,28,33,48,49,1,10
fri,2012,apr,13,8,13,26,39,43,3,5
tue,2012,apr,10,22,25,27,36,37,5,9
fri,2012,apr,6,11,20,30,35,45,2,3
tue,2012,apr,3,1,8,18,25,30,9,10
fri,2012,mar,30,4,17,23,36,46,6,10
tue,2012,mar,27,24,27,29,34,36,7,8
fri,2012,mar,23,9,15,23,31,50,8,11
tue,2012,mar,20,15,16,28,30,46,3,4
fri,2012,mar,16,3,4,12,23,50,4,7
tue,2012,mar,13,1,10,25,43,47,8,9
fri,2012,mar,9,3,32,36,39,47,6,9
tue,2012,mar,6,23,24,27,37,47,2,6
fri,2012,mar,2,5,6,11,30,44,2,6
tue,2012,feb,28,1,10,17,33,48,2,3
fri,2012,feb,24,3,7,12,26,34,8,10
tue,2012,feb,21,11,14,24,25,29,7,11
fri,2012,feb,17,4,11,28,38,47,10,11
tue,2012,feb,14,14,27,36,42,46,8,11
fri,2012,feb,10,3,8,14,31,41,7,11
fri,2012,jan,6,1,6,10,12,31,2,7
tue,2012,jan,3,3,30,42,45,49,5,10
fri,2011,dec,30,16,36,43,44,50,7,8
tue,2011,dec,27,19,21,25,26,44,3,7
fri,2011,dec,23,7,21,22,24,28,1,11
fri,2011,dec,16,2,5,10,23,31,2,5
fri,2011,dec,9,12,21,29,44,47,1,2
fri,2011,dec,2,7,27,30,40,43,8,9
fri,2011,nov,25,14,19,26,28,34,5,8
fri,2011,nov,18,4,12,24,39,44,2,4
fri,2011,nov,11,1,4,18,23,30,3,7
fri,2011,nov,4,11,14,41,43,50,2,9
fri,2011,oct,28,16,17,20,39,50,4,8
fri,2011,oct,21,2,19,33,37,46,5,8
fri,2011,oct,14,12,23,29,32,47,3,5
fri,2011,oct,7,18,26,34,38,42,5,8
fri,2011,sep,30,5,15,28,31,44,1,6
fri,2011,sep,23,6,14,33,34,48,2,6
fri,2011,sep,16,2,8,17,39,42,3,10
fri,2011,sep,9,5,21,28,31,34,1,2
fri,2011,sep,2,12,26,37,38,44,4,7
fri,2011,aug,26,12,22,25,33,45,5,7
fri,2011,aug,19,6,14,16,28,31,2,11
fri,2011,aug,12,7,10,20,27,37,4,7
fri,2011,aug,5,13,14,18,32,34,1,10
fri,2011,jul,29,12,19,27,37,38,5,10
fri,2011,jul,22,4,15,23,49,50,2,6
fri,2011,jul,15,6,26,33,34,39,3,4
fri,2011,jul,8,12,13,23,40,49,7,10
fri,2011,jul,1,8,11,23,31,46,8,9
fri,2011,jun,24,5,16,20,30,41,6,11
fri,2011,jun,17,11,16,21,22,44,3,8
fri,2011,jun,10,3,19,20,37,48,8,11
fri,2011,jun,3,4,39,40,49,50,2,5
fri,2011,may,27,9,17,25,28,49,8,9
fri,2011,may,20,10,14,20,25,42,8,11
fri,2011,may,13,9,11,17,36,47,1,2
tue,2011,may,10,3,10,15,28,45,5,7
fri,2011,may,6,11,16,20,22,28,4,9
fri,2011,apr,29,15,25,38,40,41,1,2
fri,2011,apr,22,11,22,36,45,48,1,4
fri,2011,apr,15,4,6,21,39,41,2,6
fri,2011,apr,8,21,23,38,47,50,2,6
fri,2011,apr,1,4,17,21,22,33,4,8
fri,2011,mar,25,6,12,21,27,33,3,7
fri,2011,mar,18,8,28,36,40,42,4
fri,2011,mar,11,17,19,24,37,46,2,7
fri,2011,mar,4,11,25,27,28,41,5,8
fri,2011,feb,25,12,13,42,45,48,3,9
fri,2011,feb,18,2,3,15,45,49,5,9
fri,2011,feb,11,12,14,15,19,23,7,8
fri,2011,feb,4,2,11,24,35,47,5,9
fri,2011,jan,21,3,11,13,18,21,4,5
fri,2011,jan,14,2,14,24,39,44,6,7
fri,2011,jan,7,1,22,32,48,50,6,7
fri,2010,dec,31,2,24,34,38,43,1,7
fri,2010,dec,3,8,19,28,32,46,4,7
fri,2010,nov,26,9,28,36,41,49,5,7
fri,2010,nov,19,12,15,32,36,45,7,9
fri,2010,nov,12,7,19,23,29,47,1,6
fri,2010,nov,5,21,23,33,40,50,4,5
fri,2010,oct,29,16,20,22,32,42,8,9
fri,2010,oct,22,4,5,9,11,39,3,5
fri,2010,oct,15,2,31,36,38,43,3,7
fri,2010,oct,8,9,30,35,39,46,6,8
fri,2010,oct,1,1,4,6,27,48,1,6
fri,2010,sep,24,1,4,16,40,48,1,9
fri,2010,sep,10,17,21,35,41,45,1,5
fri,2010,sep,3,13,24,26,47,49,4,8
fri,2010,aug,27,1,6,13,30,49,1,9
fri,2010,aug,20,5,27,31,40,42,1,6
fri,2010,aug,13,4,9,15,21,47,2,7
fri,2010,aug,6,13,25,28,29,42,4,5
fri,2010,jul,30,3,4,11,28,39,2,8
fri,2010,jul,23,4,13,35,37,46,3,9
fri,2010,jul,16,38,39,45,46,49,7,8
fri,2010,jul,9,9,24,37,39,49,3,9
fri,2010,jul,2,12,13,36,41,46,1,8
fri,2010,jun,25,1,8,18,28,31,8,9
fri,2010,jun,18,2,29,31,32,38,1,4
fri,2010,jun,11,2,22,24,36,44,1,2
fri,2010,jun,4,4,17,34,40,42,4,9
fri,2010,may,28,4,9,31,32,33,3,7
fri,2010,may,21,7,19,30,38,50,4,7
fri,2010,may,14,1,17,31,43,47,2,3
fri,2010,may,7,3,6,15,21,32,7,9
fri,2010,apr,30,6,22,24,25,36,3,8
fri,2010,apr,23,3,7,8,43,46,6,8
fri,2010,apr,16,9,11,17,26,40,3,9
fri,2010,apr,9,7,21,23,24,44,3,4
fri,2010,apr,2,12,18,24,26,45,4,5
fri,2010,mar,26,8,16,18,37,43,2,6
fri,2010,mar,19,10,28,30,38,39,2,7
fri,2010,mar,12,1,5,18,38,45,4,6
fri,2010,mar,5,12,18,19,43,49,3,9
fri,2010,feb,26,7,11,18,29,42,6,7
fri,2010,feb,19,12,31,37,38,43,2,3
fri,2010,feb,12,1,5,18,38,45,4,6
fri,2010,feb,5,34,35,38,39,46,3,4
fri,2010,jan,29,9,17,30,39,43,5,7
fri,2010,jan,22,4,22,27,36,44,7,9
fri,2010,jan,15,11,26,29,49,50,4,7
fri,2010,jan,8,4,5,14,44,46,8,9
fri,2010,jan,1,9,22,24,27,36,5,7
fri,2009,dec,25,4,5,14,17,34,3,5
fri,2009,dec,18,14,30,32,35,49,3,8
fri,2009,dec,11,20,41,43,44,46,2,9
fri,2009,dec,4,18,19,25,30,44,1,3
fri,2009,nov,27,5,8,13,15,33,8,9
fri,2009,nov,20,5,9,28,43,47,2,9
fri,2009,nov,13,13,15,25,26,32,3,4
fri,2009,nov,6,11,19,34,43,45,5,9
fri,2009,oct,30,9,33,35,38,40,2,6
fri,2009,oct,23,6,18,20,29,31,2,8
fri,2009,oct,16,12,23,30,31,47,3,4
fri,2009,oct,9,7,11,29,46,50,4,7
fri,2009,oct,2,22,23,24,29,44,1,5
fri,2009,sep,25,6,17,18,21,34,3,9
fri,2009,sep,18,6,16,30,38,41,2,4
fri,2009,sep,11,12,15,35,42,43,4,6
fri,2009,sep,4,6,9,20,38,39,3,9
fri,2009,aug,28,8,36,37,41,49,5,7
fri,2009,aug,21,4,7,16,31,32,3,5
fri,2009,aug,14,5,8,24,30,49,3,9
fri,2009,aug,7,10,20,22,24,31,2,7
fri,2009,jul,31,5,9,20,21,26,3,6
fri,2009,jul,24,14,15,25,35,47,5,9
fri,2009,jul,17,2,8,17,32,50,3,7
fri,2009,jul,10,6,16,20,42,46,1,6
fri,2009,jul,3,21,29,34,46,47,6,8
fri,2009,jun,26,6,11,21,30,39,2,8
fri,2009,jun,19,4,16,17,20,29,5,7
fri,2009,jun,12,6,14,16,34,50,4,6
fri,2009,jun,5,11,19,26,35,40,2,5
fri,2009,may,29,2,5,30,37,47,3,6
fri,2009,may,22,4,13,14,33,43,1,6
fri,2009,may,15,8,18,19,20,42,5,9
fri,2009,may,8,4,23,24,29,31,8,9
fri,2009,may,1,5,19,31,38,47,3,5
fri,2009,apr,24,4,14,21,24,41,5,8
fri,2009,apr,17,4,7,21,44,47,1,5
fri,2009,apr,10,9,14,16,37,46,2,4
fri,2009,apr,3,2,20,24,32,46,1,9
fri,2009,mar,27,25,33,36,38,42,6,7
fri,2009,mar,20,12,16,23,31,35,4,6
fri,2009,mar,13,36,42,26,12,24,1,4
fri,2009,mar,6,13,35,25,17,19,5,6
fri,2009,feb,27,9,44,5,37,45,9,6
fri,2009,feb,20,13,48,9,12,14,1,2
fri,2009,feb,13,33,36,40,22,42,1,2
fri,2009,feb,6,36,30,20,40,10,3,5
fri,2009,jan,30,4,34,35,46,29,5,8
fri,2009,jan,23,36,49,33,40,32,2,8
fri,2009,jan,16,50,22,17,3,49,3,6
fri,2009,jan,9,22,7,15,28,48,4,1
fri,2009,jan,2,48,30,29,37,36,1,6
fri,2008,dec,26,44,26,2,1,50,1,7
fri,2008,dec,19,29,50,46,28,40,5,7
fri,2008,dec,12,2,19,42,28,49,7,2
fri,2008,dec,5,35,8,21,45,4,5,8
fri,2008,nov,28,8,25,11,41,16,4,2
fri,2008,nov,21,50,49,21,9,14,8,3
fri,2008,nov,14,14,26,10,8,21,4,3
fri,2008,nov,7,9,1,17,12,18,3,4
fri,2008,oct,31,34,25,3,41,18,5,2
fri,2008,oct,24,45,7,15,16,17,6,9
fri,2008,oct,17,50,12,10,3,42,2,4
fri,2008,oct,10,4,15,22,31,41,1,6
fri,2008,oct,3,4,13,19,23,38,2,3
fri,2008,sep,26,14,29,31,33,37,1,2
fri,2008,sep,19,14,16,19,20,31,6,9
fri,2008,sep,12,19,23,33,37,50,3,7
fri,2008,sep,5,7,12,16,17,39,3,8
fri,2008,aug,29,2,20,25,37,39,5,8
fri,2008,aug,22,7,27,29,39,50,5,7
fri,2008,aug,15,11,17,18,26,31,5,6
fri,2008,aug,8,4,5,15,16,45,4,7
fri,2008,aug,1,1,22,25,40,50,1,8
fri,2008,jul,25,7,11,15,24,29,2,7
fri,2008,jul,18,10,14,16,29,44,5,6
fri,2008,jul,11,9,11,13,19,37,3,4
fri,2008,jul,4,7,19,22,27,48,5,7
fri,2008,jun,27,5,20,26,44,50,5,7
fri,2008,jun,20,8,11,36,37,45,3,5
fri,2008,jun,13,13,16,37,44,50,1,9
fri,2008,jun,6,7,19,21,40,50,2,9
fri,2008,may,30,5,7,14,20,49,2,8
fri,2008,may,23,5,9,19,21,38,1,7
fri,2008,may,16,6,9,15,25,38,4,9
fri,2008,may,9,8,9,40,42,45,6,7
fri,2008,may,2,2,26,37,45,48,4,8
fri,2008,apr,25,4,19,26,27,30,3,8
fri,2008,apr,18,3,6,7,27,50,5,9
fri,2008,apr,11,6,25,30,45,50,5,7
fri,2008,apr,4,11,13,18,37,47,1,6
fri,2008,mar,28,5,9,17,29,39,3,6
fri,2008,mar,21,2,10,18,22,36,4,6
fri,2008,mar,14,13,21,25,35,48,4,8
fri,2008,mar,7,2,7,14,17,35,1,6
fri,2008,feb,29,12,37,40,47,49,2,9
fri,2008,feb,22,4,27,32,46,50,8,9
fri,2008,feb,15,12,27,29,45,46,4,7
fri,2008,feb,8,17,28,30,38,44,1,4
fri,2008,feb,1,22,30,45,47,49,4,9
fri,2008,jan,25,2,6,9,19,45,7,8
fri,2008,jan,18,14,16,23,40,46,4,8
fri,2008,jan,11,8,24,36,49,50,4,8
fri,2008,jan,4,10,12,24,25,41,3,5
fri,2007,dec,28,20,21,22,31,45,7,9
fri,2007,dec,21,7,9,28,37,44,6,7
fri,2007,dec,14,8,25,30,36,44,3,4
fri,2007,dec,7,2,4,32,43,48,1,7
fri,2007,nov,30,12,19,20,30,38,7,9
fri,2007,nov,23,2,10,22,29,48,3,9
fri,2007,nov,16,9,18,23,33,37,1,8
fri,2007,nov,9,5,14,22,25,36,5,6
fri,2007,nov,2,3,16,18,19,40,1,2
fri,2007,oct,26,7,20,38,40,43,1,8
fri,2007,oct,19,7,18,34,35,40,7,8
fri,2007,oct,12,21,32,36,46,47,3,4
fri,2007,oct,5,11,20,27,35,44,2,5
fri,2007,sep,28,22,30,34,35,44,4,5
fri,2007,sep,21,1,17,32,35,37,1,8
fri,2007,sep,14,5,9,11,29,33,7,9
fri,2007,sep,7,2,3,33,34,42,3,5
fri,2007,aug,31,6,18,22,23,37,5,6
fri,2007,aug,24,1,3,16,42,48,2,3
fri,2007,aug,17,2,3,13,38,42,7,8
fri,2007,aug,10,23,40,42,43,49,2,6
fri,2007,aug,3,10,30,33,37,41,1,8
fri,2007,jul,27,1,4,21,29,41,7,8
fri,2007,jul,20,10,21,25,26,50,4,9
fri,2007,jul,13,9,13,15,31,48,3,6
fri,2007,jul,6,4,5,19,39,41,8,9
fri,2007,jun,29,8,12,28,33,45,1,3
fri,2007,jun,22,11,16,17,22,34,5,6
fri,2007,jun,15,5,7,14,21,40,3,8
fri,2007,jun,8,1,15,17,25,45,2,8
fri,2007,jun,1,6,22,37,41,42,6,9
fri,2007,may,25,25,26,29,49,50,7,8
fri,2007,may,18,26,34,37,39,49,2,6
fri,2007,may,11,7,12,26,29,49,2,6
fri,2007,may,4,6,17,35,41,45,1,5
fri,2007,apr,27,7,18,27,36,44,1,2
fri,2007,apr,20,23,26,32,41,45,3,7
fri,2007,apr,13,7,20,25,38,41,3,7
fri,2007,apr,6,15,23,29,41,48,3,6
fri,2007,mar,30,9,17,19,41,46,1,8
fri,2007,mar,23,5,13,17,40,43,1,3
fri,2007,mar,16,4,14,31,45,49,4,9
fri,2007,mar,9,2,3,25,43,48,6,9
fri,2007,mar,2,3,16,34,38,48,5,8
fri,2007,feb,23,2,15,18,20,22,2,5
fri,2007,feb,16,8,19,20,39,50,6,9
fri,2007,feb,9,14,16,30,36,46,2,8
fri,2007,feb,2,14,23,27,30,36,1,6
fri,2007,jan,26,11,15,23,30,38,4,9
fri,2007,jan,19,5,13,27,33,42,2,4
fri,2007,jan,12,8,11,14,19,25,3,5
fri,2007,jan,5,17,19,29,36,45,5,6
fri,2006,dec,29,6,9,13,14,35,3,4
fri,2006,dec,22,9,11,20,38,43,2,3
fri,2006,dec,15,9,23,35,37,42,3,7
fri,2006,dec,8,16,17,18,36,47,1,2
fri,2006,dec,1,4,8,16,37,41,2,5
fri,2006,nov,24,5,8,17,25,40,1,5
fri,2006,nov,17,12,22,32,33,36,2,6
fri,2006,nov,10,14,21,27,30,36,2,3
fri,2006,nov,3,11,13,24,44,49,3,9
fri,2006,oct,27,3,4,8,44,50,7,8
fri,2006,oct,20,10,19,34,45,47,3,6
fri,2006,oct,13,2,25,32,38,41,3,5
fri,2006,oct,6,5,11,22,35,38,7,8
fri,2006,sep,29,1,3,6,18,24,5,8
fri,2006,sep,22,10,29,30,45,49,3,8
fri,2006,sep,15,6,10,16,26,49,7,9
fri,2006,sep,8,1,10,12,32,33,1,8
fri,2006,sep,1,3,7,25,45,50,6,9
fri,2006,aug,25,10,28,40,47,48,6,8
fri,2006,aug,18,12,37,39,40,50,1,2
fri,2006,aug,11,27,28,31,46,47,2,5
fri,2006,aug,4,1,14,15,26,32,3,7
fri,2006,jul,28,3,8,12,29,43,6,7
fri,2006,jul,21,2,4,9,38,50,6,8
fri,2006,jul,14,1,7,17,31,36,2,8
fri,2006,jul,7,7,9,18,35,43,5,7
fri,2006,jun,30,6,15,16,40,43,1,2
fri,2006,jun,23,9,21,30,43,44,1,9
fri,2006,jun,16,1,16,26,30,36,3,9
fri,2006,jun,9,3,12,15,34,39,4,6
fri,2006,jun,2,7,8,27,41,48,1,6
fri,2006,may,26,2,12,21,41,49,3,7
fri,2006,may,19,3,5,25,34,49,5,8
fri,2006,may,12,5,20,23,34,50,1,5
fri,2006,may,5,4,8,14,16,50,3,9
fri,2006,apr,28,5,10,17,22,33,5,7
fri,2006,apr,21,1,20,22,37,46,1,9
fri,2006,apr,14,16,26,34,35,49,2,6
fri,2006,apr,7,12,13,29,44,50,4,5
fri,2006,mar,31,3,20,31,45,50,6,7
fri,2006,mar,24,17,28,33,35,47,4,9
fri,2006,mar,17,5,32,44,45,50,1,7
fri,2006,mar,10,1,21,33,45,49,4,8
fri,2006,mar,3,3,5,8,10,44,3,5
fri,2006,feb,24,1,11,18,19,47,3,7
fri,2006,feb,17,4,23,24,26,38,2,4
fri,2006,feb,10,5,6,38,48,50,6,7
fri,2006,feb,3,9,21,30,39,50,1,3
fri,2006,jan,27,9,15,21,40,49,1,4
fri,2006,jan,20,12,15,33,44,50,2,6
fri,2006,jan,13,8,12,19,33,34,1,6
fri,2006,jan,6,2,6,9,14,26,4,5
fri,2005,dec,30,8,16,19,43,45,1,4
fri,2005,dec,23,15,31,36,37,42,1,7
fri,2005,dec,16,2,3,15,18,32,6,7
fri,2005,dec,9,11,18,35,38,42,1,5
fri,2005,dec,2,1,9,20,23,30,4,7
fri,2005,nov,25,1,6,27,39,47,1,6
fri,2005,nov,18,17,18,25,34,48,2,3
fri,2005,nov,11,15,16,36,41,42,3,5
fri,2005,nov,4,26,36,37,38,42,2,6
fri,2005,oct,28,14,36,44,47,50,3,5
fri,2005,oct,21,1,14,19,29,33,1,8
fri,2005,oct,14,10,11,19,20,23,1,6
fri,2005,oct,7,2,13,21,26,44,3,9
fri,2005,sep,30,6,11,47,48,50,1,6
fri,2005,sep,23,1,26,31,34,47,4,9
fri,2005,sep,16,12,13,19,21,38,3,9
fri,2005,sep,9,8,12,19,31,50,6,7
fri,2005,sep,2,3,4,14,43,50,3,6
fri,2005,aug,26,9,29,35,40,41,1,6
fri,2005,aug,19,11,24,29,31,41,1,3
fri,2005,aug,12,15,23,30,37,40,7,9
fri,2005,aug,5,2,11,21,22,30,4,6
fri,2005,jul,29,3,19,26,49,50,4,5
fri,2005,jul,22,3,14,41,48,49,1,4
fri,2005,jul,15,1,11,12,23,42,3,6
fri,2005,jul,8,35,36,42,46,49,2,8
fri,2005,jul,1,4,5,23,25,28,3,4
fri,2005,jun,24,6,8,14,15,45,7,8
fri,2005,jun,17,4,8,10,18,21,1,7
fri,2005,jun,10,6,7,32,37,47,1,7
fri,2005,jun,3,3,8,11,17,50,1,5
fri,2005,may,27,2,24,31,48,50,4,9
fri,2005,may,20,6,7,13,28,47,5,8
fri,2005,may,13,12,17,31,32,40,2,9
fri,2005,may,6,7,12,21,26,44,6,8
fri,2005,apr,29,3,9,35,39,42,1,8
fri,2005,apr,22,3,10,13,24,47,5,9
fri,2005,apr,15,6,28,31,38,42,3,9
fri,2005,apr,8,7,11,25,31,50,1,3
fri,2005,apr,1,25,26,41,44,47,3,7
fri,2005,mar,25,4,29,33,37,38,6,9
fri,2005,mar,18,6,23,39,43,48,5,7
fri,2005,mar,11,8,12,23,40,43,1,4
fri,2005,mar,4,12,24,32,37,39,7,9
fri,2005,feb,25,3,27,30,43,44,4,8
fri,2005,feb,18,20,21,26,32,46,8,9
fri,2005,feb,11,11,13,25,32,50,4,7
fri,2005,feb,4,1,8,11,30,40,7,8
fri,2005,jan,28,7,21,26,43,45,5,7
fri,2005,jan,21,10,12,14,24,26,5,8
fri,2005,jan,14,6,11,14,19,29,1,3
fri,2005,jan,7,3,23,27,47,50,2,3
fri,2004,dec,31,7,8,24,25,47,8,9
fri,2004,dec,24,3,4,27,29,37,5,6
fri,2004,dec,17,15,19,22,46,49,2,9
fri,2004,dec,10,1,3,13,16,43,2,7
fri,2004,dec,3,1,11,15,42,49,3,4
fri,2004,nov,26,1,4,24,34,36,6,8
fri,2004,nov,19,1,18,29,34,37,2,6
fri,2004,nov,12,4,11,12,13,32,3,9
fri,2004,nov,5,6,19,25,42,49,1,7
fri,2004,oct,29,1,8,32,35,38,4,9
fri,2004,oct,22,1,9,23,25,40,3,9
fri,2004,oct,15,14,21,22,37,43,5,8
fri,2004,oct,8,1,10,12,16,48,2,6
fri,2004,oct,1,12,20,21,45,48,5,6
fri,2004,sep,24,21,26,27,44,48,1,7
fri,2004,sep,17,15,18,29,39,41,5,8
fri,2004,sep,10,5,25,33,36,38,2,5
fri,2004,sep,3,8,12,14,15,34,6,7
fri,2004,aug,27,1,11,22,28,44,1,9
fri,2004,aug,20,6,9,10,27,35,6,8
fri,2004,aug,13,20,27,41,43,50,5,8
fri,2004,aug,6,5,15,24,35,44,5,6
fri,2004,jul,30,9,10,19,37,50,1,6
fri,2004,jul,23,7,10,27,31,34,3,8
fri,2004,jul,16,24,26,31,38,50,5,8
fri,2004,jul,9,2,5,12,19,44,8,9
fri,2004,jul,2,4,23,24,28,34,1,3
fri,2004,jun,25,3,21,30,34,35,1,2
fri,2004,jun,18,2,23,28,40,43,2,6
fri,2004,jun,11,2,7,8,10,47,1,7
fri,2004,jun,4,9,13,34,41,42,3,7
fri,2004,may,28,6,11,35,41,44,5,6
fri,2004,may,21,15,29,37,39,49,4,9
fri,2004,may,14,1,3,21,32,39,2,6
fri,2004,may,7,15,16,21,36,38,1,5
fri,2004,apr,30,5,6,16,23,27,6,7
fri,2004,apr,23,6,10,21,45,49,3,5
fri,2004,apr,16,14,15,28,35,40,1,3
fri,2004,apr,9,1,4,10,19,23,2,8
fri,2004,apr,2,4,12,24,27,36,2,9
fri,2004,mar,26,3,4,10,23,43,2,4
fri,2004,mar,19,33,36,37,42,45,4,9
fri,2004,mar,12,15,24,28,44,47,4,5
fri,2004,mar,5,4,7,33,37,39,1,5
fri,2004,feb,27,14,18,19,31,37,4,5
fri,2004,feb,20,7,13,39,47,50,2,5
fri,2004,feb,13,16,29,32,36,41,7,9
